Title,Rating,Votes,Duration,Genre
1. Anora,7.6, (149K),2h 19m,comedy
2. Moana 2,6.7, (87K),1h 40m,comedy
3. A Real Pain,7.1, (76K),1h 30m,comedy
4. Emilia Pérez,5.4, (84K),2h 12m,comedy
5. Sonic the Hedgehog 3,6.9, (52K),1h 50m,comedy
6. The Ministry of Ungentlemanly Warfare,6.8, (131K),2h 2m,comedy
7. Deadpool & Wolverine,7.6, (479K),2h 8m,comedy
8. The Day the Earth Blew Up: A Looney Tunes Movie,6.9, (1.7K),1h 31m,comedy
9. Borderlands,4.7, (45K),1h 41m,comedy
10. Paddington in Peru,6.7, (17K),1h 46m,comedy
11. Saturday Night,6.9, (29K),1h 49m,comedy
12. Night of the Zoopocalypse,6.2, (315),1h 31m,comedy
13. Despicable Me 4,6.2, (62K),1h 34m,comedy
14. Riff Raff,6.3, (804),1h 43m,comedy
15. Old Guy,5.1, (1.7K),1h 34m,comedy
16. The Fall Guy,6.8, (216K),2h 6m,comedy
17. F*** Marry Kill,5.2, (1.8K),1h 37m,comedy
18. A Different Man,6.9, (27K),1h 52m,comedy
19. Kinds of Kindness,6.5, (58K),2h 44m,comedy
20. Beetlejuice Beetlejuice,6.7, (143K),1h 45m,comedy
21. Inside Out 2,7.5, (211K),1h 36m,comedy
22. Fly Me to the Moon,6.6, (48K),2h 12m,comedy
23. Thelma,7.0, (21K),1h 38m,comedy
24. Red One,6.3, (137K),2h 3m,comedy
25. Friendship,7.5, (208),1h 40m,comedy
26. Nightbitch,5.6, (18K),1h 39m,comedy
27. Bad Boys: Ride or Die,6.5, (98K),1h 55m,comedy
28. Superboys of Malegaon,8.0, (1K),2h 7m,comedy
29. My Old Ass,6.9, (37K),1h 29m,comedy
30. IF,6.4, (57K),1h 44m,comedy
31. It's What's Inside,6.6, (40K),1h 43m,comedy
32. Ghostbusters: Frozen Empire,6.1, (92K),1h 55m,comedy
33. The Killer's Game,5.7, (16K),1h 44m,comedy
34. Argylle,5.6, (91K),2h 19m,comedy
35. The Idea of You,6.3, (72K),1h 55m,comedy
36. Kneecap,7.6, (17K),1h 45m,comedy
37. Spermageddon,5.7, (595),1h 20m,comedy
38. Rumours,5.0, (4.2K),1h 44m,comedy
39. Mean Girls,5.6, (37K),1h 52m,comedy
40. The Union,5.4, (52K),1h 47m,comedy
41. Snack Shack,7.0, (11K),1h 52m,comedy
42. Eephus,7.0, (269),1h 38m,comedy
43. Freaky Tales,6.4, (363),1h 46m,comedy
44. My Dead Friend Zoe,7.2, (1.1K),1h 43m,comedy
45. Hard Truths,7.3, (4.4K),1h 37m,comedy
46. Wallace & Gromit: Vengeance Most Fowl,7.5, (33K),1h 22m,comedy
47. Distant,5.7, (3K),1h 27m,comedy
48. Y2K,4.9, (9.7K),1h 31m,comedy
49. Harold and the Purple Crayon,5.7, (7.9K),1h 30m,comedy
50. Drive-Away Dolls,5.4, (23K),1h 24m,comedy
51. Kung Fu Panda 4,6.3, (67K),1h 34m,comedy
52. Greedy People,6.2, (11K),1h 52m,comedy
53. Jönssonligan kommer tillbaka,6.0, (1K),1h 44m,comedy
54. A Family Affair,5.3, (36K),1h 51m,comedy
55. Miller's Girl,5.2, (23K),1h 33m,comedy
56. The Garfield Movie,5.7, (24K),1h 41m,comedy
57. The Instigators,6.2, (37K),1h 41m,comedy
58. Lift,5.5, (49K),1h 47m,comedy
59. Beverly Hills Cop: Axel F,6.4, (80K),1h 58m,comedy
60. Hitpig,5.1, (827),1h 26m,comedy
61. Unfrosted,5.5, (34K),1h 37m,comedy
62. Ricky Stanicky,6.2, (55K),1h 53m,comedy
63. Incoming,5.8, (13K),1h 31m,comedy
64. Get Away,5.3, (6.1K),1h 26m,comedy
65. Your Monster,6.4, (5.4K),1h 43m,comedy
66. Misericordia,6.9, (1.5K),1h 44m,comedy
67. The Empire,5.2, (1.2K),1h 50m,comedy
68. Dìdi,7.3, (12K),1h 33m,comedy
69. Brothers,5.4, (13K),1h 29m,comedy
70. The Uninvited,5.9, (138),1h 37m,comedy
71. Sacramento,7.0, (133),1h 24m,comedy
72. Stree 2: Sarkate Ka Aatank,6.9, (41K),2h 27m,comedy
73. A Nice Indian Boy,7.2, (149),1h 36m,comedy
74. How to Make Millions Before Grandma Dies,8.0, (13K),2h 5m,comedy
75. Find Me Falling,6.3, (12K),1h 33m,comedy
76. Goodrich,6.3, (4.9K),1h 50m,comedy
77. Sookshma Darshini,7.8, (9.4K),2h 22m,comedy
78. Spellbound,5.7, (6.3K),1h 49m,comedy
79. Jackpot!,5.8, (30K),1h 46m,comedy
80. Ghostlight,7.6, (5.6K),1h 55m,comedy
81. The Gutter,5.4, (435),1h 32m,comedy
82. Upgraded,6.1, (29K),1h 44m,comedy
83. Boot Camp,5.8, (1K),1h 34m,comedy
84. Winner,6.5, (2.3K),1h 43m,comedy
85. Lisa Frankenstein,6.1, (28K),1h 41m,comedy
86. We're All Gonna Die,8.4, (78),1h 50m,comedy
87. The Marching Band,7.5, (1.9K),1h 43m,comedy
88. Saving Bikini Bottom: The Sandy Cheeks Movie,3.7, (3.7K),1h 22m,comedy
89. The Mouse Trap,2.5, (3.1K),1h 20m,comedy
90. Mother of the Bride,4.8, (17K),1h 28m,comedy
91. Sweethearts,5.5, (3.7K),1h 38m,comedy
92. Manamey,5.5, (548),2h 35m,comedy
93. Irish Wish,5.2, (21K),1h 33m,comedy
94. Aavesham,7.8, (27K),2h 35m,comedy
95. Piece by Piece,6.9, (5.1K),1h 33m,comedy
96. The Visitor,4.3, (188),1h 41m,comedy
97. Sister Midnight,6.6, (243),1h 47m,comedy
98. Bob Trevino Likes It,8.2, (304),1h 42m,comedy
99. Chosen Family,4.7, (257),1h 28m,comedy
100. The Grinch That Stole Bitches,7.0, (31),1h 14m,comedy
101. Summer Camp,4.5, (1.5K),1h 35m,comedy
102. Psycho Therapy: The Shallow Tale of a Writer Who Decided to Write about a Serial Killer,8.4, (70),1h 42m,comedy
103. Family Pack,5.5, (8.7K),1h 34m,comedy
104. Universal Language,7.2, (1.1K),1h 29m,comedy
105. The Radleys,5.0, (2.6K),1h 55m,comedy
106. Lumina,2.1, (631),1h 53m,comedy
107. Narayaneente Moonnaanmakkal,6.8, (652),1h 48m,comedy
108. Players,5.7, (12K),1h 45m,comedy
109. The Wonderful Story of Henry Sugar and Three More,7.1, (6.2K),1h 28m,comedy
110. Our Little Secret,5.7, (23K),1h 41m,comedy
111. Five Blind Dates,5.1, (1.9K),1h 23m,comedy
112. The Fabulous Four,4.8, (1.5K),1h 38m,comedy
113. Bookworm,6.0, (1.8K),1h 43m,comedy
114. The Problem with People,5.7, (324),1h 42m,comedy
115. Let's Start a Cult,5.9, (1.3K),1h 30m,comedy
116. Megamind vs. The Doom Syndicate,2.5, (5.5K),1h 23m,comedy
117. The American Society of Magical Negroes,3.7, (12K),1h 44m,comedy
118. My Favourite Cake,7.4, (6.9K),1h 37m,comedy
119. Holy Cow,7.2, (1.1K),1h 32m,comedy
120. Skincare,5.7, (4.2K),1h 36m,comedy
121. On Becoming a Guinea Fowl,7.1, (629),1h 39m,comedy
122. I Don't Understand You,7.1, (69),1h 36m,comedy
123. Munjya,6.3, (25K),2h 3m,comedy
124. Orion and the Dark,6.3, (17K),1h 33m,comedy
125. Babes,6.3, (6.1K),1h 44m,comedy
126. Dear Santa,5.4, (18K),1h 47m,comedy
127. The 4:30 Movie,6.0, (3.5K),1h 27m,comedy
128. The Best Christmas Pageant Ever,6.8, (6K),1h 39m,comedy
129. Turn Me On,5.6, (431),1h 39m,comedy
130. Reunion,5.6, (3.4K),1h 30m,comedy
131. Sasquatch Sunset,5.4, (5.3K),1h 28m,comedy
132. Don't Tell Mom the Babysitter's Dead,3.8, (1.1K),1h 39m,comedy
133. Role Play,5.5, (19K),1h 40m,comedy
134. How to Date Billy Walsh,5.2, (3.9K),1h 38m,comedy
135. Swimming Home,4.9, (356),1h 39m,comedy
136. Trouble,6.2, (6.6K),1h 38m,comedy
137. Bhool Bhulaiyaa 3,4.7, (77K),2h 38m,comedy
138. The Balconettes,6.3, (737),1h 44m,comedy
139. Modi: Three Days on the Wing of Madness,5.7, (404),1h 50m,comedy
140. Beautiful Wedding,4.1, (4K),1h 40m,comedy
141. Madgaon Express,7.0, (41K),2h 23m,comedy
142. Vulgar,6.7, (103),1h 43m,comedy
143. Standing on the Shoulders of Kitties,6.2, (488),1h 51m,comedy
"144. I, the Executioner",6.3, (1.6K),1h 58m,comedy
145. The Merry Gentlemen,4.8, (10K),1h 27m,comedy
146. Gone Running,7.1, (3.8K),1h 45m,comedy
147. Arthur's Whisky,4.5, (804),1h 34m,comedy
148. The Underdoggs,5.6, (4.5K),1h 36m,comedy
149. City Hunter,6.3, (5.5K),1h 42m,comedy
150. My Spy: The Eternal City,5.7, (11K),1h 52m,comedy
151. Drugstore June,5.3, (1.7K),1h 31m,comedy
152. That Christmas,6.8, (17K),1h 31m,comedy
153. Thelma the Unicorn,5.7, (2.9K),1h 33m,comedy
154. A Dog's Will 2,6.3, (2.7K),1h 44m,comedy
155. Shell,6.7, (65),1h 40m,comedy
156. This Is Me... Now,4.1, (7.1K),1h 5m,comedy
157. Space Cadet,4.9, (9.9K),1h 50m,comedy
158. This Time Next Year,5.6, (2.1K),1h 56m,comedy
159. Street Trash,4.4, (740),1h 25m,comedy
160. The Tiger's Apprentice,5.7, (2.1K),1h 24m,comedy
161. Am I Racist?,6.7, (16K),1h 40m,comedy
162. When Fall Is Coming,6.8, (1.2K),1h 42m,comedy
163. Broken Rage,6.1, (1.2K),1h 2m,comedy
164. Adult Best Friends,7.5, (62),1h 30m,comedy
165. You Are the Apple of My Eye,7.6, (3.3K),1h 41m,comedy
166. Through My Window: Looking at You,5.4, (5K),1h 45m,comedy
167. Candidatul perfect,6.2, (642),1h 46m,comedy
168. Desert Fiends,8.5, (377),1h 24m,comedy
169. Bad Shabbos,7.3, (134),1h 35m,comedy
170. Sweet Dreams,5.4, (1.4K),1h 54m,comedy
171. Alter weißer Mann,6.2, (604),1h 52m,comedy
172. Spread,5.8, (633),1h 32m,comedy
173. Hot Frosty,5.3, (14K),1h 25m,comedy
174. Sex-Positive,4.1, (655),1h 36m,comedy
175. Arena Wars,5.0, (2K),1h 44m,comedy
176. Nutcrackers,5.5, (9.2K),2h 15m,comedy
177. Khel Khel Mein,6.5, (27K),1h 39m,comedy
178. Time Travel Is Dangerous,6.3, (86),1h 39m,comedy
179. Marmalade,6.2, (3.5K),1h 51m,comedy
180. Between the Temples,6.3, (2.8K),1h 39m,comedy
181. A Little Something Extra,7.0, (4.7K),1h 23m,comedy
182. Bloody Axe Wound,4.8, (469),1h 51m,comedy
183. Treasure,6.3, (2K),1h 38m,comedy
184. 200% Wolf,6.0, (1.3K),1h 48m,comedy
185. Officer Black Belt,6.8, (7.9K),1h 58m,comedy
186. Wallbanger,5.7, (639),1h 51m,comedy
187. Simarik,6.4, (2.3K),1h 20m,comedy
188. The Second Act,6.4, (3.3K),1h 31m,comedy
189. Seize Them!,5.1, (1.2K),1h 40m,comedy
190. My Melbourne,7.5, (38),1h 45m,comedy
191. A House on Fire,7.3, (3.2K),1h 57m,comedy
192. Three Friends,6.6, (597),1h 30m,comedy
193. Unspeakable: Beyond the Wall of Sleep,5.9, (37),2h 4m,comedy
194. The Supremes at Earl's All-You-Can-Eat,6.4, (1.4K),1h 29m,comedy
195. Timestalker,5.5, (2.8K),1h 25m,comedy
196. Rats!,8.0, (77),1h 43m,comedy
197. The Gentleman,7.9, (94),1h 57m,comedy
198. Ultraman: Rising,6.9, (6.2K),1h 29m,comedy
199. I Love You Forever,6.4, (77),1h 39m,comedy
200. Panda Plan,5.1, (1.1K),1h 56m,comedy
201. The Astronaut Lovers,7.1, (548),1h 28m,comedy
202. 10 Lives,5.9, (1.8K),1h 55m,comedy
203. Doraemon the Movie: Nobita's Earth Symphony,6.6, (1.4K),1h 31m,comedy
204. Running on Empty,4.9, (531),1h 30m,comedy
205. Not Another Church Movie,2.2, (1.1K),1h 40m,comedy
206. Peter Five Eight,3.5, (1.1K),2h 5m,comedy
207. Srikakulam Sherlockholmes,8.2, (2.3K),1h 35m,comedy
208. The Trainer,7.2, (52),1h 30m,comedy
209. Plan B,5.9, (1.1K),2h 36m,comedy
210. Premalu,7.8, (19K),1h 40m,comedy
211. Autumn and the Black Jaguar,5.6, (960),1h 36m,comedy
212. Casatoria,6.4, (2.5K),1h 10m,comedy
213. Murder at Hollow Creek,4.2, (78),1h 35m,comedy
214. The Thundermans Return,5.0, (1.8K),1h 42m,comedy
215. Carved,4.4, (2.7K),1h 52m,comedy
216. Peacock,7.2, (305),1h 36m,comedy
217. Hisaab Barabar,5.7, (1.6K),1h 40m,comedy
218. Heavier Trip,6.0, (1.2K),1h 24m,comedy
219. Woody Woodpecker Goes to Camp,4.5, (2.5K),1h 51m,comedy
220. Mars,8.9, (19),1h 34m,comedy
221. Longing,4.7, (775),1h 23m,comedy
222. Inheritance,5.1, (3.4K),2h 15m,comedy
223. Dan Da Dan: First Encounter,8.2, (2.6K),2h 32m,comedy
224. Everybody Loves Jenifa,8.4, (78),2h 15m,comedy
225. Harry Potter and the Stone,8.0, (156),2h 16m,comedy
226. Diamanti,7.0, (967),1h 18m,comedy
227. Hello Mummy,5.6, (3.2K),1h 33m,comedy
228. My Fathers' Daughter,6.6, (71),1h 41m,comedy
229. Buffalo Kids,6.6, (628),1h 32m,comedy
230. Jim's Story,6.8, (820),1h 46m,comedy
231. Die Hart 2: Die Harter,4.3, (5.4K),1h 41m,comedy
232. Christmas Eve in Miller's Point,5.6, (2.3K),1h 58m,comedy
233. Young Werther,5.7, (201),2h 11m,comedy
234. Crew,5.8, (37K),1h 29m,comedy
235. Mittran Da Challeya Truck Ni,8.3, (686),1h 28m,comedy
236. Krazy House,4.8, (1.4K),1h 37m,comedy
237. Monster on a Plane,5.5, (2.3K),1h 58m,comedy
238. Half Baked: Totally High,4.6, (339),1h 46m,comedy
239. Love in the Big City,7.5, (1.3K),1h 46m,comedy
240. French Girl,5.5, (2.3K),1h 24m,comedy
241. The Real Bros of Simi Valley: The Movie,7.1, (1K),1h 29m,comedy
242. Seven Cemeteries,4.5, (494),1h 40m,comedy
243. Moartea in vacanta,6.7, (1.4K),1h 30m,comedy
244. Layla,6.1, (323),2h,comedy
245. A Hip Hop Story,8.7, (105),1h 45m,comedy
246. The Southern Chronicles,8.8, (2.3K),1h 28m,comedy
247. How Could I Live Without You?,6.9, (921),PG-13,comedy
248. Zero,6.1, (38),1h 37m,comedy
249. Lost & Found in Cleveland,8.5, (18),1h 32m,comedy
250. Audrey,5.7, (280),1h 30m,comedy
251. Blame the Game,5.4, (4.9K),1h 40m,comedy
252. Mukadderat,7.3, (485),1h 28m,comedy
253. Perfect Endings,5.5, (183),1h 46m,comedy
254. Operation Taco Gary's,6.5, (26),1h 51m,comedy
255. Crayon Shin-chan: Ora's Dinosaur Diary,6.5, (310),1h 39m,comedy
256. And Mrs,5.8, (678),1h 50m,comedy
257. Slay,6.5, (1.1K),1h 26m,comedy
258. Little Death,5.5, (199),1h 22m,comedy
259. The Present,5.5, (849),1h 47m,comedy
260. The Groomsmen: First Look,6.1, (377),1h 45m,comedy
261. The Lifeguards,3.9, (136),1h 56m,comedy
262. Ma Este Gyilkolunk,5.1, (529),1h 30m,comedy
263. Dead Talents Society,7.4, (797),1h 54m,comedy
264. Two to One,6.0, (685),1h 26m,comedy
265. À bicyclette!,7.1, (129),2h 21m,comedy
266. The Other Way Around,6.4, (1.3K),2h 9m,comedy
267. Prom Dates,5.2, (1.6K),1h 35m,comedy
268. Teri Baaton Mein Aisa Uljha Jiya,6.2, (54K),2h 32m,comedy
269. A Legend,4.7, (854),1h 23m,comedy
270. Stress Positions,5.0, (609),1h 34m,comedy
271. Vicky Vidya Ka Woh Wala Video,5.2, (11K),1h 49m,comedy
272. Dog on Trial,6.1, (576),1h 59m,comedy
273. Man and Witch: The Dance of a Thousand Steps,5.6, (325),1h 28m,comedy
274. Killer Body Count,4.7, (631),1h 32m,comedy
275. Christmas Cowboy,6.8, (99),1h 30m,comedy
276. Lesson Learned,7.7, (1.9K),2h 3m,comedy
277. Crackcoon,3.6, (399),1h 38m,comedy
278. Still Fabulous,4.9, (839),1h 41m,comedy
279. Griffin in Summer,7.2, (152),1h 49m,comedy
280. Her Story,7.7, (1.7K),1h 43m,comedy
281. Memory Lane,7.4, (1.7K),1h 32m,comedy
282. Handsome Guys,6.5, (750),1h 29m,comedy
283. Cells at Work!,6.8, (168),1h 25m,comedy
284. El Heredero,8.2, (35),1h 58m,comedy
285. Cocorico,5.8, (3.1K),1h 21m,comedy
286. Four Mothers,7.7, (81),1h 36m,comedy
287. Paying for It,7.6, (88),1h 25m,comedy
288. Chantal in Fairyland,4.6, (2.6K),1h 18m,comedy
289. Feeling Randy,7.8, (459),1h 31m,comedy
290. The Throwback,5.5, (341),1h 34m,comedy
291. Frankie Freako,5.6, (1K),1h 49m,comedy
292. Stealing Pulp Fiction,6.3, (18),1h 53m,comedy
293. Música,6.4, (5K),1h 36m,comedy
294. Books & Drinks,6.5, (75),1h 50m,comedy
295. London Calling,7.5, (17),2h 1m,comedy
296. Cassino in Ischia,4.4, (229),1h 22m,comedy
297. Corina,7.6, (269),1h 32m,comedy
298. Beyond the Likes,6.9, (16),2h 26m,comedy
299. The Deb,7.7, (68),1h 49m,comedy
300. Rockbottom,7.4, (82),1h 55m,comedy
301. Nice Girls,4.2, (1.2K),2h 30m,comedy
302. Lubber Pandhu,8.2, (5.8K),2h 10m,comedy
303. How to Make a Killing,6.6, (675),1h 21m,comedy
304. The Private Eye,3.6, (126),1h 34m,comedy
305. A.R.M,7.1, (8.5K),1h 36m,comedy
306. Bau: Artist at War,7.1, (52),1h 45m,comedy
307. Don't Mess with Grandma,6.1, (143),1h 41m,comedy
308. The Christmas Letter,4.1, (175),1h 47m,comedy
309. Good Bad Things,5.8, (187),1h 25m,comedy
310. Meet Me Next Christmas,5.7, (8.4K),1h 51m,comedy
311. Meet the Barbarians,6.5, (418),1h 25m,comedy
312. Una Pequeña Confusion,6.2, (203),1h 35m,comedy
313. Destroy All Neighbors,5.3, (2K),1h 30m,comedy
314. No Pressure,5.1, (1.1K),1h 49m,comedy
315. Haikyu!! The Dumpster Battle,7.7, (6K),R,comedy
316. Camp Crasher,5.4, (776),2h,comedy
317. Retreat Vama Veche,3.9, (913),1h 27m,comedy
318. Wild Wild Punjab,6.2, (15K),1h 45m,comedy
319. The Stress Is Killing Me,5.9, (865),1h 35m,comedy
320. Marcello Mio,5.4, (1.2K),1h 45m,comedy
321. Non Negotiable,4.7, (196),1h 38m,comedy
322. Shabab Albomb,6.9, (273),1h 29m,comedy
323. Tim Travers & the Time Travelers Paradox,6.1, (2.5K),2h,comedy
324. Mission: Cross,5.9, (4.5K),2h 5m,comedy
325. Tanning Zone,4.5, (247),56m,comedy
"326. Love, Divided",6.5, (530),1h 25m,comedy
327. À l'ancienne,7.3, (3.9K),1h 36m,comedy
328. Almost Paradise,7.8, (481),1h 30m,comedy
329. Vaazha: Biopic of a Billion Boys,4.3, (194),1h 50m,comedy
330. Rap World,8.0, (74),1h 40m,comedy
331. The Holiday List,7.8, (231),1h 45m,comedy
332. The Black Sea,6.7, (430),1h 38m,comedy
333. U Are the Universe,6.6, (191),1h 38m,comedy
334. Mr. Manhattan,5.3, (277),1h 26m,comedy
335. Sew Torn,7.3, (352),1h 30m,comedy
336. Suspended Time,5.7, (116),1h 43m,comedy
337. Der Buchspazierer,7.9, (42),1h 54m,comedy
338. Triumph,6.1, (820),1h 42m,comedy
339. Nuked,6.2, (1.4K),1h 53m,comedy
340. Believe in Christmas,7.5, (176),1h 48m,comedy
341. Lucky Winners,5.9, (303),2h 9m,comedy
342. My Annoying Brother,6.3, (413),1h 15m,comedy
343. Breakup Season,5.6, (299),1h 45m,comedy
344. Alles Fifty Fifty,6.9, (3.6K),1h 30m,comedy
345. Dear Paris,4.3, (612),2h 22m,comedy
346. Yolo,6.1, (475),1h 37m,comedy
347. Last Night at Terrace Lanes,6.8, (50),1h 26m,comedy
348. Mascarpone: The Rainbow Cake,4.7, (26K),1h 31m,comedy
349. Going Viral,6.6, (163),2h 2m,comedy
350. Bad Newz,2.4, (30),2h,comedy
351. Empire Waist,5.1, (1.1K),1h 31m,comedy
352. Fierce Killer Marsupial,6.1, (10K),1h 33m,comedy
353. A Sudden Case of Christmas,6.4, (219),1h 31m,comedy
354. Blackout,7.5, (35),2h,comedy
355. Victory,5.8, (735),1h 50m,comedy
356. La Familia,5.6, (94),1h 39m,comedy
357. Divorce,5.0, (179),1h 22m,comedy
358. A Trip Elsewhere,7.9, (8),2h 59m,comedy
359. Jamais sans mon psy,9.0, (90),1h 27m,comedy
360. Cheerleaders Behaving Badly,4.4, (174),1h 37m,comedy
361. Something's More Than One Thing,5.2, (851),1h 25m,comedy
362. Bermondsey Tales: Fall of the Roman Empire,7.2, (5.8K),2h 20m,comedy
363. (Un)lucky Sisters,8.1, (96),1h 34m,comedy
364. The Roast of Tom Brady,5.6, (220),1h 32m,comedy
365. Lesbian Space Princess,4.1, (2.2K),1h 20m,comedy
366. Funny Birds,5.8, (51K),1h 53m,comedy
367. ClearMind,6.9, (165),1h 20m,comedy
368. Murder Mubarak,6.7, (61),1h 31m,comedy
369. Super Happy Forever,2.3, (295),1h 33m,comedy
370. Throuple,6.5, (1.2K),1h 56m,comedy
371. Cocaine Werewolf,1.8, (637),2h 25m,comedy
372. Un mondo a parte,6.4, (859),1h 25m,comedy
373. Ryan's World the Movie: Titan Universe Adventure,7.8, (54),1h 19m,comedy
374. Auction,8.7, (8),1h 50m,comedy
375. Sallywood,5.1, (35),1h 50m,comedy
376. Almost Popular,6.6, (62),1h 30m,comedy
377. Reine Mère,9.1, (55),1h 37m,comedy
378. Sur un fil,6.0, (164),1h 32m,comedy
379. Sahbek Rajel,8.9, (38),2h,comedy
380. Mother Father Sister Brother Frank,6.5, (213),1h 42m,comedy
"381. Love, Danielle",7.7, (63),2h 3m,comedy
382. What a Feeling,3.3, (211),1h 40m,comedy
383. The Solitary Gourmet,8.3, (42),1h 45m,comedy
384. The Book of Jobs,7.5, (23),1h 21m,comedy
385. Graveyard Shark,6.3, (210),1h 53m,comedy
386. Sketch,6.8, (241),1h 17m,comedy
387. U.S. Palmese,5.5, (69),1h 30m,comedy
388. Ballot,8.6, (27),1h 34m,comedy
389. And the Breadwinner Is...,4.9, (758),51m,comedy
390. Tezgah,5.4, (185),1h 39m,comedy
391. Switch Up,7.5, (24),1h 38m,comedy
392. Haunt Season,4.8, (188),1h 43m,comedy
393. Love's Second Act,5.9, (413),1h 21m,comedy
394. Kangaroo Island,7.5, (22),1h 45m,comedy
395. Another Cabin in the Woods Movie,4.8, (106),1h 33m,comedy
396. Deaner '89,5.1, (24),1h 50m,comedy
397. Holy Cash,5.4, (211),1h 24m,comedy
398. Barbie & Kendra Crash Joe Bob's Drive-In Jamboree,5.4, (222),2h 13m,comedy
399. In Fidelity,8.4, (41),1h 12m,comedy
400. This Life of Mine,4.9, (45),1h 57m,comedy
401. Swede Caroline,5.1, (1K),1h 36m,comedy
402. Say a Little Prayer,4.8, (671),1h 49m,comedy
403. A Gangster's Kiss,6.6, (990),1h 55m,comedy
404. Efsane,7.0, (18),2h 14m,comedy
405. Disaster Holiday,6.9, (428),2h 27m,comedy
406. Kid Santa,6.3, (10),1h 33m,comedy
407. The Missile,7.2, (341),1h 8m,comedy
408. Shrek 5: The Contract - A Fan Made Film,4.3, (624),2h 7m,comedy
409. White Snake: Afloat,2.4, (1.7K),1h 25m,comedy
410. A Family Affair,6.8, (991),1h 21m,comedy
411. Chainsaws Were Singing,8.7, (52),1h 21m,comedy
412. Noah's Ark,7.8, (199),1h 52m,comedy
413. Gelin Takimi,9.2, (10),1h 26m,comedy
414. I Am Kathalan,5.8, (2K),1h 42m,comedy
415. Ajosepo,5.6, (229),1h 46m,comedy
416. 2nd Miracle in Cell No. 7,6.9, (57),2h 12m,comedy
417. Boxcutter,6.4, (434),1h 23m,comedy
418. Jamie Foxx: What Had Happened Was...,5.7, (74),1h 38m,comedy
419. Finalement,5.0, (788),1h 28m,comedy
420. Marry Christmas,5.3, (1.1K),1h 24m,comedy
421. No Time to Spy: A Loud House Movie,6.4, (1.1K),2h 52m,comedy
422. Memes & Nightmares,6.6, (2.2K),1h 39m,comedy
423. I Can't Live Without You,6.6, (4.5K),1h 30m,comedy
424. Cat and Dog,6.5, (58),1h 42m,comedy
425. Meet the Leroys,7.0, (905),2h 20m,comedy
426. Goyo,8.5, (36),1h 30m,comedy
427. Guruvayoor Ambalanadayil,6.1, (724),1h 30m,comedy
428. The Yorkie Werewolf,4.3, (127),1h 42m,comedy
429. La casa,6.9, (121),2h 30m,comedy
430. Straight A Pregnancy,8.8, (33),1h 30m,comedy
431. When in Rome,5.2, (3K),1h 33m,comedy
432. Love... Reconsidered,4.6, (53),1h 32m,comedy
433. Mord,7.4, (29),1h 43m,comedy
434. Don't Say It,6.2, (218),1h 34m,comedy
435. Trisha on the Rocks,6.4, (12K),2h,comedy
436. Girl Meets Boy,6.2, (17),1h 43m,comedy
437. The Everything Pot,3.7, (108),2h 13m,comedy
438. Crust,5.0, (562),1h 33m,comedy
439. Do Aur Do Pyaar,5.6, (535),2h 8m,comedy
440. Timuchin,5.6, (1K),2h 17m,comedy
441. The Contract,5.6, (273),1h 36m,comedy
442. Clickbait: Unfollowed,3.2, (1.2K),47m,comedy
443. Down the Rabbit Hole,8.1, (975),1h 13m,comedy
444. Om Bheem Bush,5.8, (42),1h 31m,comedy
445. The Trainers,6.6, (59),1h 26m,comedy
446. Buzz House: The Movie,6.7, (15),1h 24m,comedy
447. Behuli from Meghauli,6.6, (405),1h 28m,comedy
448. Christmas Slasher,7.3, (268),1h 30m,comedy
449. Doin' It,5.5, (187),1h 6m,comedy
450. A Vilã das Nove,6.8, (1.2K),1h 46m,comedy
451. ¿Vienes o Voy?,6.6, (102),2h 15m,comedy
452. De Z van Zus,3.3, (722),1h 30m,comedy
453. Baby Assassins: Nice Days,6.6, (3.4K),1h 25m,comedy
454. De mannenmaker,6.7, (2.8K),1h 56m,comedy
455. Successor,4.5, (116),1h 49m,comedy
456. En tongs au pied de l'Himalaya,7.8, (337),1h 53m,comedy
457. The Actor,3.5, (190),2h 1m,comedy
458. Tillu Square,5.8, (324),1h 39m,comedy
"459. MoviePass, MovieCrash",5.5, (308),1h 39m,comedy
460. Dirty Ice Cream,5.3, (155),1h 30m,comedy
461. Extremely Unique Dynamic,5.2, (93),2h,comedy
462. My Divorce Party,4.6, (1K),1h 32m,comedy
463. Veni Vidi Vici,6.4, (404),1h 35m,comedy
464. Panda Bear in Africa,7.1, (300),1h 35m,comedy
465. L'amore e altre seghe mentali,5.2, (104),1h 35m,comedy
466. The Art of Nothing,5.9, (347),2h 5m,comedy
467. Jack in Time for Christmas,5.3, (6.3K),2h 14m,comedy
468. Waarom Wettelen,5.2, (959),1h 30m,comedy
469. Hahacar,5.1, (289),1h 34m,comedy
470. Transilvanian Ninja,7.0, (1.2K),1h 35m,comedy
471. Victoria må dø,8.3, (22),1h 55m,comedy
472. Kakuda,5.8, (578),1h 29m,comedy
473. Technoboys,5.8, (302),1h 25m,comedy
474. Verliefd op Bali,5.3, (1.1K),1h 37m,comedy
475. Pegasus 2,6.8, (582),1h 34m,comedy
476. Retail!,4.4, (263),1h 45m,comedy
477. Menudas piezas,6.5, (215),1h 34m,comedy
478. El Roomie,6.3, (586),1h 10m,comedy
479. The Price of Nonna's Inheritance,3.8, (1.2K),2h 40m,comedy
480. 1995,5.1, (106),1h 43m,comedy
481. Umjolo: The Gone Girl,8.8, (9),1h 37m,comedy
482. Juliette au printemps,6.8, (2.9K),1h 30m,comedy
483. Plastic Guns,7.5, (184),1h 34m,comedy
484. Yasam Koçu,4.7, (184),1h 40m,comedy
485. Team of Two,5.8, (432),1h 30m,comedy
486. Alakada: Bad and Boujee,7.1, (27),1h 56m,comedy
487. Nunakuzhi,5.5, (1.3K),1h 36m,comedy
488. Xiong Shi Shao Nian 2,6.5, (397),1h 35m,comedy
489. A European Christmas,4.3, (85),1h 19m,comedy
490. N'avoue jamais,9.7, (12),1h 40m,comedy
491. The Great Salish Heist,3.5, (282),1h 25m,comedy
492. Love at 39 Degrees,6.3, (387),1h 36m,comedy
493. Grotesque 2,5.0, (40),1h 49m,comedy
"494. Hemet, or the Landlady Don't Drink Tea",1.5, (312),1h 39m,comedy
495. I Hate Myself and Want to Die,8.0, (255),1h 30m,comedy
496. Bull Run,5.5, (780),1h 51m,comedy
497. Killer Babes,5.6, (105),1h 55m,comedy
498. Romeo è Giulietta,5.8, (453),2h 12m,comedy
499. Boy Kaldag,4.6, (1.3K),2h 1m,comedy
500. Space Sharks,5.5, (155),1h 52m,comedy
501. National Theatre Live: Nye,4.4, (313),1h 17m,comedy
502. A Halloween Feast,9.3, (16),1h 7m,comedy
503. Not Your Average Family,6.1, (313),1h 45m,comedy
504. Der Spitzname,5.9, (5.1K),2h 11m,comedy
505. Kill Me If You Dare,5.6, (354),1h 26m,comedy
506. The World According to Kaleb: On Tour,5.7, (147),1h 33m,comedy
507. Transmitzvah,8.4, (15),1h 56m,comedy
508. Party People,8.9, (82),1h 39m,comedy
509. Once Upon a Christmas Wish,3.9, (154),1h 32m,comedy
510. Sharmajee Ki Beti,5.1, (159),1h 33m,comedy
511. La petite vadrouille,8.1, (185),1h 42m,comedy
512. Challenger,4.9, (405),1h 43m,comedy
513. The Pee Pee Poo Poo Man,5.3, (918),1h 31m,comedy
514. Another Day in America,5.2, (601),1h 53m,comedy
"515. Silent Night, Bloody Night 3: Descent",7.2, (124),1h 54m,comedy
516. La famille Hennedricks,7.2, (164),2h 35m,comedy
517. Clone Cops,8.1, (13),1h 30m,comedy
518. King of My Castle,4.2, (132),1h 28m,comedy
519. In Good Hands 2,4.0, (805),2h 16m,comedy
520. Father There is Only One 4,6.3, (175),50m,comedy
521. Miss Boots,6.4, (35),2h,comedy
522. Kale Lagan Chhe!?!,3.2, (116),1h 36m,comedy
523. To the Moon,5.0, (241),2h 15m,comedy
524. U Pana Boga w Królowym Moscie,5.8, (311),1h 30m,comedy
525. Grrr...,5.3, (157),1h 27m,comedy
526. Tous toqués !,6.6, (415),1h 27m,comedy
527. Anthony Rodia Totally Relatable,8.7, (122),1h 37m,comedy
528. Suckers,6.6, (74),1h 45m,comedy
529. Salitan,6.8, (176),1h 21m,comedy
530. Estômago II: O Poderoso Chef,4.9, (275),1h 28m,comedy
531. À toute allure,9.0, (11),1h 58m,comedy
532. Mamífera,4.7, (105),1h 43m,comedy
533. Jerry,8.0, (59),1h 57m,comedy
534. Sin instrucciones,4.5, (218),1h 42m,comedy
535. Tre menn til Vilma,6.4, (170),1h 45m,comedy
536. Anyone But Her,5.9, (3.5K),2h 55m,comedy
537. Überall gibt es ein Hausen,6.2, (1.4K),2h 6m,comedy
538. De Jackpot,4.0, (357),2h,comedy
539. Seni Memahami Kekasih,9.2, (30),1h 35m,comedy
540. Bonus Trip,6.0, (637),1h 30m,comedy
541. Queens of Drama,6.7, (296),1h 30m,comedy
542. Turbo,5.0, (75),1h 39m,comedy
543. Tati Part Time,6.2, (747),1h 59m,comedy
544. Murder and Cocktails,3.9, (381),1h 37m,comedy
545. Local Kung Fu 3,5.1, (258),1h 36m,comedy
546. Hannah Berner: We Ride at Dawn,5.6, (1.3K),1h 13m,comedy
547. Dog Days,5.4, (118),1h 31m,comedy
548. The Mick and the Trick,6.2, (61),1h 21m,comedy
549. Love You to Debt,5.1, (96),54m,comedy
550. I Want to Be Neenja! The Movie,4.3, (191),2h 16m,comedy
551. Gracie and Pedro: Pets to the Rescue,4.4, (777),2h 10m,comedy
552. Klaus & Barroso,5.7, (199),1h 25m,comedy
553. Fruitcake,7.7, (89),1h 29m,comedy
554. You Are Not Alone,4.8, (793),1h 36m,comedy
555. Mountain Shark,3.5, (126),1h 33m,comedy
556. SuperKlaus,7.9, (22),2h 36m,comedy
557. Thaanara,4.7, (203),1h 35m,comedy
558. The Happiness I Have,8.5, (34),1h 33m,comedy
559. Shukrana,7.0, (357),1h 26m,comedy
560. Erdal ile Ece 2,4.7, (289),1h 25m,comedy
561. 4 Zéros,6.2, (14),1h 45m,comedy
562. Mustafar Takes Los Angeles: A Live Staged Reading of Star Wars: Episode III,6.6, (115),TV-Y7,comedy
563. Cupido confuso,8.0, (50),1h 28m,comedy
564. Idiyan Chandhu,3.8, (2.8K),1h 52m,comedy
565. One Night in Tokyo,6.4, (497),2h 20m,comedy
566. Air Fryer Slaughter,6.6, (65),2h 13m,comedy
567. Pressure Cooker,7.8, (29),2h 26m,comedy
568. Messy,8.0, (176),1h 41m,comedy
569. Wishing on a Star,7.5, (98),1h 1m,comedy
570. Citizen Weiner,6.4, (1.5K),1h 35m,comedy
"571. LSD 2: Love, Sex Aur Dhokha 2",5.8, (299),1h 39m,comedy
572. Breakfast with Giraffes,3.9, (305),1h 30m,comedy
573. Sad Jokes,4.8, (432),2h 28m,comedy
574. Nado snimat filmy o lyubvi,5.6, (652),1h 27m,comedy
575. Double or Nothing,2.4, (976),1h 22m,comedy
576. Shannon Matthews the Musical the Movie,5.0, (72),1h 30m,comedy
577. Female 4,4.7, (319),1h 25m,comedy
578. Matt Rife: Lucid - A Crowd Work Special,8.8, (10),1h 40m,comedy
579. That Kind of Love,5.4, (68),1h 35m,comedy
580. Thekku Vadakku,9.1, (414),2h 9m,comedy
581. Wieczór kawalerski,8.9, (60),1h 59m,comedy
582. The Casagrandes Movie,5.7, (50),1h 30m,comedy
583. Takintilar,5.6, (520),1h 36m,comedy
584. Vidente por Acidente,6.2, (529),1h 38m,comedy
585. Karataka Dhamanaka,7.6, (19),2h 5m,comedy
586. The Great Nick D,8.6, (63),1h 43m,comedy
"587. María, Me Muero",8.1, (1.2K),1h 55m,comedy
588. I Left My Heart in Colombia,7.1, (1.3K),1h 44m,comedy
589. Jon Vardar protiv Galaksijata,5.6, (110),2h 30m,comedy
590. The Big Trip 3: Race Around the World,6.4, (727),2h 26m,comedy
591. Maybe Baby 2,6.4, (47),1h 50m,comedy
592. Big City Greens the Movie: Spacecation,4.8, (500),1h 35m,comedy
593. 100 litraa sahtia,4.8, (745),1h 30m,comedy
594. Nick and Nicky,3.2, (204),1h 47m,comedy
595. Vanilla Ice Cream,5.2, (436),1h 53m,comedy
596. Laughing Buddha,7.5, (377),50m,comedy
597. Ek Daav Bhootacha,4.7, (202),2h 28m,comedy
598. My Wifes X,2.6, (347),1h 50m,comedy
"599. Maya, donne-moi un titre",5.3, (1.5K),1h 41m,comedy
600. Cuerpo escombro,6.2, (50),1h 50m,comedy
601. The Infallibles,7.4, (1.5K),2h 22m,comedy
602. Som van Twee,7.6, (2.8K),2h 11m,comedy
603. Empire Queen: The Golden Age of Magic,5.4, (166),1h 34m,comedy
604. Nugget Is Dead: A Christmas Story,6.1, (53),1h 31m,comedy
605. Massacre at Femur Creek,6.7, (33),1h 30m,comedy
606. Belyakovy v otpuske,8.3, (1.1K),1h 26m,comedy
607. Game On,6.9, (84),2h 19m,comedy
608. Honeymoonish,6.8, (817),1h 45m,comedy
609. ¿Quién es quién?,4.8, (59),1h 48m,comedy
610. Jolly O Gymkhana,5.7, (449),1h 17m,comedy
611. Agak Laen,7.9, (79),2h 2m,comedy
612. Morando com o Crush,6.2, (1K),1h 46m,comedy
613. Another German Tank Story,6.7, (401),1h 30m,comedy
614. Spirit Riser,8.5, (43),1h 33m,comedy
615. Delivery Boy,7.5, (142),1h 39m,comedy
616. Kyuka: Before Summer's End,6.2, (3.1K),1h 36m,comedy
617. Illegal Hayatlar: Meclis,5.3, (181),1h 35m,comedy
618. Cult of Blood,4.8, (13),1h 28m,comedy
619. Os Farofeiros 2,9.2, (375),1h 32m,comedy
620. Hrashwo Deergha,7.6, (51),1h 17m,comedy
621. Vadakkupatti Ramasamy,4.9, (347),1h 28m,comedy
622. Troubleshooters,6.2, (750),1h 28m,comedy
623. My Ex's Wedding,5.3, (443),1h 22m,comedy
624. Bocchi the Rock! Re:,4.7, (136),1h 27m,comedy
625. Kahan Shuru Kahan Khatam,3.3, (33),1h 49m,comedy
626. Amazon Bullseye,7.1, (101),1h 36m,comedy
627. My Boyfriend Is a Sex Worker,5.3, (196),1h 53m,comedy
628. Bidurbhai,4.7, (151),1h 45m,comedy
629. The Property,6.2, (24),1h 27m,comedy
630. Hotel Bitcoin,9.0, (11),1h 16m,comedy
631. Pilot,4.2, (649),1h 9m,comedy
632. Nadikar,5.4, (104),1h 50m,comedy
633. The Boys,5.8, (40),1h 28m,comedy
634. Kya Masti Kya Dhoom,6.3, (425),1h 20m,comedy
635. Staycation,4.2, (10),1h 33m,comedy
636. L'heureuse élue,7.2, (17),1h 44m,comedy
637. Members Club,6.4, (758),1h 38m,comedy
638. Group Therapy,5.6, (7.1K),1h 28m,comedy
639. The Entertainer,7.1, (12),1h 25m,comedy
640. Swargathile Katturumbu,7.8, (63),1h 23m,comedy
641. For Prophet,5.2, (366),1h 47m,comedy
642. Re:Human,7.4, (87),1h 45m,comedy
643. Maybe More,3.3, (230),2h 46m,comedy
644. Best Friends Forever,8.6, (16),2h 17m,comedy
645. Perdiendo el Juicio,4.7, (163),55m,comedy
646. Kang Mak,5.2, (83),2h 2m,comedy
647. Ishq Vishk Rebound,7.0, (23),1h 30m,comedy
648. Amiche mai,3.0, (139),46m,comedy
649. Rent Free,5.6, (19),1h 40m,comedy
650. Mala persona,8.8, (156),1h 37m,comedy
651. Filthy Animals,5.8, (433),1h 50m,comedy
652. Flat Blood,4.7, (101),1h 15m,comedy
653. Don't Be Embarrassed 2,6.3, (5.2K),1h 33m,comedy
"654. Aku Jati, Aku Asperger",5.4, (152),1h 40m,comedy
655. Yolki 11,2.8, (164),1h 52m,comedy
656. Minor Leaguer,6.1, (204),1h 28m,comedy
657. King Baby,4.5, (335),1h 50m,comedy
658. Amityville Bigfoot,6.5, (56),2h 7m,comedy
659. More na dvoikh,5.4, (482),58m,comedy
660. A Little Family Drama,7.8, (100),1h 47m,comedy
661. Breaking and Re-entering,7.4, (197),1h 11m,comedy
662. Cholo Zombies,6.8, (51),1h 28m,comedy
663. Bandaa Singh Chaudhary,7.9, (48),1h 37m,comedy
664. Lyubvi ne byvaet?,2.8, (2.1K),1h 14m,comedy
665. Killington,8.5, (28),2h 16m,comedy
666. Scared Shitless,6.7, (271),1h 30m,comedy
667. Carnage for Christmas,7.4, (19),1h 48m,comedy
668. Matchmaking 2,7.5, (90),1h 44m,comedy
669. Kyllä isä osaa -elokuva,5.9, (128),1h 42m,comedy
670. Living Large,7.4, (22),1h 15m,comedy
671. Don't F**k with Ghosts,6.6, (4.1K),1h 46m,comedy
672. Portraits of Dangerous Women,6.0, (1.2K),1h 29m,comedy
673. Odd Fish,5.8, (1.5K),2h 4m,comedy
674. Kolpaçino: 4 4'lük,5.9, (45),1h 45m,comedy
675. Micro Budget,9.0, (53),1h 27m,comedy
676. December 31st Express,3.5, (106),1h 36m,comedy
677. Mi Perfecto Ex,6.5, (50),1h 36m,comedy
678. Holly by Nightfall,6.1, (575),1h 21m,comedy
679. Feste & Freunde - Ein Hoch auf uns!,2.8, (335),1h 47m,comedy
680. Ma chi ti conosce,5.2, (29),1h 49m,comedy
681. Final Wager,6.3, (87),2h 25m,comedy
682. Varshangalkku Shesham,6.1, (1.2K),2h 31m,comedy
683. Singapore Saloon,6.6, (343),1h 44m,comedy
684. My Redneck Neighbor: Chapter 2 - Let the Games Begin,6.1, (601),1h 35m,comedy
685. Jameelante Poovan Kozhi,8.8, (75),1h 35m,comedy
686. Stinky Summer,6.9, (624),1h 30m,comedy
687. Intention,6.6, (225),1h 31m,comedy
688. Zim Zim Ala Kazim,6.6, (53),2h,comedy
689. Intercambiadas,5.9, (250),1h 36m,comedy
690. 50 km/h,5.8, (14),1h 48m,comedy
691. Snow Valley,9.5, (9),1h 52m,comedy
692. 200KG Vampire,5.0, (7),1h 54m,comedy
693. Badaa Saat Fi Yawman Ma,5.8, (2.2K),2h 1m,comedy
694. Isla Monstro,7.8, (28),1h 29m,comedy
695. Vijay 69,7.2, (29),2h 16m,comedy
696. The Holiday Club,6.2, (47),1h 40m,comedy
697. Lagan Special,4.6, (45),1h 28m,comedy
698. Poppay Ki Wedding,6.3, (178),1h 35m,comedy
699. Fortune Feimster: Crushing It,3.3, (35),2h 53m,comedy
700. Kidnapping Inc.,5.9, (338),1h 31m,comedy
701. Hiçbir Sey Normal Degil,6.2, (73),1h 37m,comedy
702. Being Blanche Houellebecq,7.8, (1.1K),1h 55m,comedy
703. Day Trippers,7.1, (41),1h 54m,comedy
704. A Country Called Ghana,5.5, (51),1h 40m,comedy
705. My Redneck Neighbor: Chapter 1 - The Rednecks Are Coming,4.4, (349),1h 30m,comedy
706. Little Hearts,7.1, (37),2h 21m,comedy
707. Cabaret Total,7.1, (53),1h 46m,comedy
708. Foul Evil Deeds,5.2, (584),1h 16m,comedy
709. K3 en Het Lied van de Zeemeermin,9.0, (52),2h 5m,comedy
710. Stealing Jokes,7.5, (69),1h 21m,comedy
711. De Break-Up Club,7.9, (991),2h 36m,comedy
712. One Million Babes BC,6.6, (977),1h 38m,comedy
713. Culpa cero,5.9, (123),1h 28m,comedy
714. Powder Pup,4.8, (92),1h 46m,comedy
715. Porattu Nadakam,7.8, (453),1h 34m,comedy
716. The Fisherman,6.4, (348),1h 16m,comedy
717. Double Blended,9.2, (57),2h 2m,comedy
718. Alien Country,4.9, (41),1h 39m,comedy
719. Lula Leblanc,7.7, (27),1h 45m,comedy
720. Bloody Bridget,7.2, (270),1h 46m,comedy
721. The Man Who Loved UFOs,5.7, (1K),2h 17m,comedy
722. Karkhanu,6.0, (992),1h 17m,comedy
723. Frka,6.7, (1.3K),2h 5m,comedy
724. 35-Chinna Katha Kaadu,6.5, (61),1h 24m,comedy
725. Jhamkudi,3.8, (82),1h 32m,comedy
726. 404 Run Run,6.7, (66),1h 26m,comedy
727. Father-in-law and Son-in-law,9.2, (67),1h 34m,comedy
728. O Clube das Mulheres de Negócios,6.0, (50),1h 28m,comedy
729. Chico Bento e a Goiabeira Maraviosa,3.9, (259),1h 38m,comedy
730. Enchanting Christmas,6.2, (167),1h 39m,comedy
731. Just Now Jeffrey,6.7, (770),1h 51m,comedy
732. Can't Let It Go,3.7, (288),1h 30m,comedy
733. Gone with the Dead,9.0, (11),2h 2m,comedy
734. Goreyan Naal Lagdi Zameen Jatt Di,7.5, (12),2h 15m,comedy
735. Aumenta que é Rock'n'Roll,7.9, (99),1h 39m,comedy
736. Son of a Rich 2,6.4, (70),1h 54m,comedy
737. Mandira,6.0, (1.3K),1h 33m,comedy
738. Perdiendo mi virginidad 4,4.3, (34),1h 47m,comedy
739. Vishesham,5.9, (1.4K),1h 33m,comedy
740. Samana Sunrise,9.1, (46),2h 30m,comedy
741. Terrornet,6.8, (218),2h 18m,comedy
742. ReEmigrantai 2,5.8, (91),1h 39m,comedy
743. Kodaikanal,7.1, (90),1h 35m,comedy
744. Un lío de millones,6.5, (685),1h 58m,comedy
"745. Snow, Tea and Love 2: With a Little Luck",7.5, (26),1h 54m,comedy
746. Honey Money Phony,6.6, (166),1h 59m,comedy
747. Citizen of a Kind,6.6, (590),1h 50m,comedy
748. Letuchiy korabl,6.4, (444),1h 22m,comedy
749. Mikka Bannada Hakki,8.6, (14),1h 35m,comedy
750. Clown II,9.0, (3.1K),1h 55m,comedy
751. About Family,4.3, (147),1h 51m,comedy
"752. Die Heinzels: Neue Mützen, Neue Mission",6.7, (1.6K),1h 56m,comedy
753. Ni Main Sass Kuttni 2,5.5, (327),1h 16m,comedy
754. Kiyma: Orman Kanunlari,6.5, (45),1h 31m,comedy
755. Adios Amigo,6.2, (20),1h 27m,comedy
756. The Naboo Movie: A Live Staged Reading of Star Wars: The Phantom Menace,5.8, (356),1h 44m,comedy
757. Head South,5.3, (710),1h 44m,comedy
758. Solos en la noche,6.6, (146),15m,comedy
759. 2 Fingers Honey 2,8.1, (77),1h 43m,comedy
760. Andrea Gets a Divorce,8.6, (15),1h 45m,comedy
761. Mud Key,6.1, (35),2h 12m,comedy
762. Builder Boys,6.2, (149),1h 44m,comedy
763. Tulnukas 2 ehk Valdise tagasitulek 17 osas,5.4, (1.8K),2h 19m,comedy
764. Riders,7.3, (89),2h 14m,comedy
765. Negeri Para Ketua,5.3, (86),1h 22m,comedy
766. Bhale Unnade,6.7, (69),1h 37m,comedy
767. The Rebellious,6.9, (74),1h 40m,comedy
768. Sons of Rizk 3,6.0, (946),1h 27m,comedy
769. Last ExMas,5.1, (2.8K),1h 2m,comedy
770. The French Italian,7.3, (339),1h 43m,comedy
771. Boo Main Dargi,6.8, (365),1h 37m,comedy
772. Bis Repetita,4.9, (268),1h 47m,comedy
773. The Heartbreak Agency,4.0, (23),1h 38m,comedy
774. Bodegón con fantasmas,7.2, (53),1h 54m,comedy
775. I Don't Know,6.7, (278),1h 39m,comedy
776. Dongeng Sang Kancil,5.5, (51),1h 32m,comedy
777. Lady Parts,7.0, (11),1h 38m,comedy
778. 4PM,7.0, (38),1h 30m,comedy
779. The Beast of No-Mans Land,4.8, (663),2h 10m,comedy
780. Family Therapy,5.3, (33),49m,comedy
781. Jatt & Juliet 3,6.1, (85),1h 26m,comedy
782. To nie mój film,9.4, (42),1h 32m,comedy
783. C'est le monde à l'envers !,7.8, (15),1h 22m,comedy
784. Le panache,6.0, (60),1h 40m,comedy
785. Chapter 51,6.9, (38),1h 22m,comedy
786. An Abandoned Team,4.3, (380),1h 54m,comedy
787. Luottomies-elokuva: All In,6.0, (128),49m,comedy
788. Pavi Caretaker,6.0, (199),2h 25m,comedy
789. Face Off 7: One Wish,6.8, (125),2h 10m,comedy
790. Zamora,7.3, (19),1h 45m,comedy
791. Yo no soy esa,6.5, (214),2h 15m,comedy
792. Seoulmeyt,6.5, (162),1h 49m,comedy
793. Vil & Misérable,7.0, (1.6K),2h 16m,comedy
794. Teasing Master Takagi-san Movie,7.7, (311),1h 25m,comedy
795. The Desperate Chase,9.2, (11),1h 44m,comedy
796. Martín García,3.8, (302),2h 11m,comedy
797. Tulang Belulang Tulang,5.8, (557),1h 29m,comedy
798. For Sale,5.2, (70),1h 47m,comedy
799. Sous écrous,5.7, (846),1h 40m,comedy
800. Joli joli,4.5, (124),1h 29m,comedy
801. The Realtor,9.2, (18),2h 5m,comedy
802. Scrambled,4.3, (4.2K),55m,comedy
803. Gandriz Vecpuisis,6.8, (5),1h 25m,comedy
804. The Heirloom,6.6, (34),2h 5m,comedy
805. Checkmate,4.4, (113),1h 33m,comedy
806. Na Baligh Afraad,4.5, (115),1h 35m,comedy
807. What We Got Wrong,8.2, (125),1h 39m,comedy
808. Just a Couple of Days,5.2, (571),1h 16m,comedy
809. La Petite et le Vieux,8.7, (2.2K),1h 38m,comedy
810. Puddysticks,8.3, (8),2h,comedy
811. I Not Stupid 3,8.1, (14),2h 23m,comedy
812. Zahradníkuv rok,5.2, (20),Not Rated,comedy
813. Mathu Vadalara 2,8.2, (412),2h 5m,comedy
814. Udan Chhoo,8.7, (27),1h 30m,comedy
815. Artist Unknown,5.7, (256),1h 48m,comedy
816. Arap Kadri,2.5, (250),1h 49m,comedy
817. Birds Flying East,8.9, (28),1h 37m,comedy
818. All the Wrong Ingredients,5.2, (333),1h 30m,comedy
819. Kevin James: Irregardless,6.1, (38),1h 38m,comedy
820. Caras Vemos,6.2, (317),1h 22m,comedy
821. Do I Shock U Like Lightning,5.8, (611),1h 33m,comedy
822. Erdal and Ece,4.3, (166),1h 37m,comedy
823. Penguin Girl,7.2, (266),1h 10m,comedy
824. Soft Love,4.6, (307),1h 33m,comedy
825. Baba Yaga spasaet Novyy god,3.6, (614),1h 38m,comedy
826. Guy Manley: Super Spy,5.3, (81),1h 24m,comedy
827. Doctor Doctor,5.5, (188),2h 3m,comedy
828. How to Make Her Leave,6.3, (50),1h 16m,comedy
829. Políticamente incorrectos,2.2, (153),1h 17m,comedy
830. Veeranjaneyulu Vihara Yatra,6.2, (301),1h 40m,comedy
831. Fragments of Us,5.5, (5K),59m,comedy
832. Heads or Fails,6.2, (295),1h 35m,comedy
833. Christmas Overtime,7.3, (113),1h 30m,comedy
834. Cash Storm,6.1, (653),1h 45m,comedy
835. Miracle Mile,3.0, (13),1h 21m,comedy
836. Salsa,5.7, (55),1h 48m,comedy
837. Hawaii,5.4, (231),1h 41m,comedy
838. Bring on the Damned!,5.1, (468),1h 36m,comedy
839. February,2.6, (428),1h 11m,comedy
840. 1 Bad Azz Day,6.1, (1.4K),1h 28m,comedy
841. Bachelor Party,7.7, (117),54m,comedy
842. Lambran da Laana,5.3, (497),1h 46m,comedy
843. This is Not a Christmas Movie,9.1, (23),1h 45m,comedy
844. Shinda Shinda No Papa,5.1, (2.9K),1h 30m,comedy
845. Çakallarla Dans 7,5.3, (246),1h 37m,comedy
846. Fakt Purusho Maate,5.3, (61),1h 43m,comedy
847. The Late Game,6.4, (107),1h 55m,comedy
848. Sevmek Yüzünden,3.9, (169),1h 15m,comedy
849. Bad Director,7.0, (48),1h 38m,comedy
850. The Perfect Candidate,6.6, (120),1h 54m,comedy
851. Døde menn går på ski,4.4, (384),1h 45m,comedy
852. Vive e Deixa Andar,5.5, (158),1h 17m,comedy
853. Türkler Çildirmis Olmali 2: Mavi Vatan,8.1, (14),26m,comedy
854. A Nice Jewish Boy,8.1, (106),1h 34m,comedy
855. Kuch Khattaa Ho Jaay,5.8, (87),1h 25m,comedy
856. Ilana Glazer: Human Magic,6.1, (114),1h 40m,comedy
857. Drie dagen vis,4.2, (1.7K),1h 40m,comedy
858. My Boo,3.9, (108),1h 25m,comedy
859. Saint Young Men: Holy Men vs Demon Army,4.5, (61),1h 44m,comedy
860. La Pena Maxima 2,7.9, (87),1h 49m,comedy
861. Konets Slavy,6.2, (242),1h 13m,comedy
862. Lantrani,6.7, (2.5K),1h 57m,comedy
863. Anunnakiler,8.9, (39),1h 30m,comedy
864. Rob N Roll,7.0, (22),1h 55m,comedy
865. The Ring,3.8, (47),2h 5m,comedy
866. Navra Maza Navsacha 2,9.0, (11),1h 14m,comedy
867. Marriage Mansion,4.6, (201),1h 58m,comedy
868. Vasco Da Gama,5.3, (109),1h 29m,comedy
869. Ici et là-bas,7.9, (17),1h 34m,comedy
870. Al otro barrio,7.8, (13),2h 41m,comedy
871. Rhapsody in Justice,5.6, (115),1h 30m,comedy
"872. Don't Cry, Butterfly",7.0, (27),1h 52m,comedy
873. The Haunted Studio,3.8, (208),2h 27m,comedy
874. Don Dukun,7.8, (48),1h 46m,comedy
875. Future Date,5.4, (343),2h 2m,comedy
876. La familia Benetón,6.1, (49),1h 41m,comedy
877. Férias Trocadas,5.6, (84),1h 37m,comedy
878. Carole & Grey,4.8, (397),1h 47m,comedy
879. Young Lion of the West,7.6, (59),1h 51m,comedy
880. Chicken Coop,7.1, (55),1h 47m,comedy
881. Spre punctul G,3.6, (144),2h 5m,comedy
882. Petta Rap,5.6, (26),1h 44m,comedy
883. Bored Games,6.7, (13),1h 33m,comedy
884. Night Harvest,7.7, (32),1h 55m,comedy
885. Bocchi the Rock! Re: Re:,8.5, (42),1h 21m,comedy
886. Sign Here,2.7, (302),1h 38m,comedy
887. Jimmy Carr: Natural Born Killer,2.3, (58),1h 53m,comedy
888. Swamp Dogg Gets His Pool Painted,5.8, (77),1h 36m,comedy
"889. Gulay lang, manong",6.8, (107),2h 14m,comedy
890. Momma's Boy,6.0, (18),2h 13m,comedy
891. The Premiere,5.1, (373),2h 1m,comedy
892. Lobola Man,5.0, (304),1h 42m,comedy
893. Výjimecný stav,3.2, (332),2h 15m,comedy
894. Sunlight,5.9, (35),1h 30m,comedy
895. Dirty Laundry,7.3, (54),2h 2m,comedy
896. Der Vierer,5.2, (585),1h 7m,comedy
897. Larry Dean: Fudnut,5.3, (116),1h 37m,comedy
898. Bakkal Amca: Mahmut Tuncer,6.6, (150),1h 24m,comedy
899. La storia del Frank e della Nina,5.5, (34),1h 51m,comedy
900. Buscando a Coque,6.5, (122),1h 50m,comedy
901. The Grand Siege,7.7, (26),2h 9m,comedy
902. All In,8.6, (19),1h 30m,comedy
903. Pee Nak 4,6.2, (830),1h 52m,comedy
904. Bad Substitute,8.4, (282),1h 40m,comedy
905. Vampire Zombies... From Space!,3.5, (23),1h 58m,comedy
906. K-Pops!,6.2, (387),1h 53m,comedy
907. Her Seyin Basi Merkür,5.9, (42),1h 29m,comedy
908. Alpacalypse,4.8, (131),1h 18m,comedy
909. Undying,7.7, (85),2h 30m,comedy
910. Twin's Love Trap for Billionaire Dad,7.7, (2.3K),1h 38m,comedy
911. Queens of Christmas,5.3, (214),1h 40m,comedy
912. Amityville Turkey Day,6.7, (75),1h 26m,comedy
913. Koparan Kardesler,3.9, (131),1h 30m,comedy
914. Finché notte non ci separi,5.4, (39),1h 27m,comedy
915. Up the Catalogue,9.4, (11),2h 10m,comedy
916. ¿Es el enemigo? La película de Gila,6.2, (48),1h 24m,comedy
917. Venus Effect,8.9, (87),1h 37m,comedy
918. Lakeview,4.5, (26),1h 28m,comedy
919. Scotoe,6.0, (182),1h 58m,comedy
920. The Shakedown,6.3, (376),1h 43m,comedy
921. Complotul Bonelor,5.3, (292),1h 11m,comedy
922. Babe Mansion,6.8, (565),1h 38m,comedy
923. Honeko Akabane's Bodyguards,5.4, (312),1h 58m,comedy
924. Yall Drawn,3.9, (1.4K),1h 55m,comedy
925. L'àvia i el foraster,7.5, (59),2h 15m,comedy
926. OMG: O Manchi Ghost,8.0, (1.5K),1h 20m,comedy
927. Operation War Thunder,5.5, (126),1h 55m,comedy
928. Life Hotel,6.6, (844),1h 38m,comedy
929. Blood Mountain Massacre,6.0, (54),1h 36m,comedy
930. Ababooned,5.4, (33),1h 26m,comedy
"931. Kiss Me, Kate: The Musical",6.6, (357),1h 32m,comedy
932. Oye Bhootni Ke,5.2, (539),15m,comedy
933. Emma,6.0, (27),1h 35m,comedy
934. Could Have Waited for August,4.3, (118),1h 45m,comedy
935. Kundannoorile Kulsitha Lahala,7.6, (55),1h 25m,comedy
936. Çilgin Dersane 5: Updated,4.0, (124),2h 2m,comedy
937. Sundaram Master,5.3, (137),1h 49m,comedy
938. Keep Rolling,5.7, (66),1h 40m,comedy
939. Neuilly-Poissy,5.4, (2.8K),1h 35m,comedy
940. Modal Nekad,6.7, (245),59m,comedy
941. Daaru Na Peenda Hove,5.5, (145),1h 31m,comedy
942. The Last Frenzy,7.3, (15),1h 54m,comedy
943. Teriyaan Meriyaan Hera Pheriyan,7.4, (9),1h 23m,comedy
944. 3. Gun,6.6, (184),1h 30m,comedy
945. Die geschützten Männer,7.3, (48),1h 30m,comedy
946. Njan Kandhatha Sare,5.8, (176),1h 43m,comedy
947. Yumi's Cells: The Movie,5.4, (111),1h 43m,comedy
948. Üç Günlük Dünya,7.5, (64),1h 52m,comedy
949. On aurait dû aller en Grèce,6.8, (1.7K),1h 23m,comedy
950. Nakon ljeta,7.1, (97),1h 37m,comedy
951. Balas & Bolinhos: Só Mais uma Coisa,5.4, (61),1h 55m,comedy
952. The Honest Candidate,7.0, (25),2h,comedy
953. Babli,8.4, (175),1h 49m,comedy
954. Table for Six 2,5.8, (140),2h 39m,comedy
955. Vivekanandan Viralaanu,7.0, (26),1h 37m,comedy
956. The Requiem Boogie,4.7, (273),1h 15m,comedy
957. Our Church Thinks We're Dating,7.9, (48),2h 8m,comedy
958. Sthanarthi Sreekuttan,6.9, (1.1K),1h 2m,comedy
959. Mind on kaks,6.6, (123),1h 58m,comedy
960. Fasel Men El Lahazat El Lazeeza,5.7, (608),1h 36m,comedy
961. Lepattanó,6.5, (129),1h 35m,comedy
962. Pretty Boys,7.0, (22),1h 10m,comedy
963. Gepack,5.9, (177),2h 1m,comedy
964. Isleen Pines,5.4, (127),2h 45m,comedy
965. Una Historia de Amor y Guerra,8.5, (24),1h 58m,comedy
966. Lail Nahar,6.5, (901),1h 31m,comedy
967. Jamalaye Jibonto Bhanu,8.6, (5),1h 47m,comedy
968. Ducobu passe au vert!,5.9, (104),1h 22m,comedy
969. Jeonde Raho Bhoot Ji,6.8, (315),1h 59m,comedy
970. Die Chaosschwestern und Pinguin Paul,7.8, (50),1h 52m,comedy
971. Lohusa,4.2, (137),1h 42m,comedy
972. Chabuca,6.1, (347),1h 55m,comedy
973. Karaoké,5.6, (105),2h 42m,comedy
974. Un monde merveilleux,8.1, (25),1h 52m,comedy
975. Tomten är far till alla barnen,7.5, (38),2h 18m,comedy
976. Mielensäpahoittajan rakkaustarina,7.6, (11),1h 58m,comedy
977. Dünya Varmis,6.9, (479),1h 43m,comedy
978. The Disruptors,3.1, (104),1h 30m,comedy
979. Two's a Crowd in Orlando,5.3, (109),2h 10m,comedy
980. Marianengraben,7.2, (22),1h 1m,comedy
981. PT Sir,7.8, (7),1h 57m,comedy
982. The Proud Princess,4.5, (584),2h 15m,comedy
"983. Goodbye, Hello",6.3, (16),1h 33m,comedy
984. Dreaming of Lions,5.3, (161),2h 12m,comedy
985. Pad Gaye Pange,8.5, (45),2h 30m,comedy
986. Sei fratelli,7.4, (3.1K),1h 40m,comedy
987. Wonderful Precure! The Movie! Doki Doki Game no Sekai de Daiboken,5.6, (815),1h 32m,comedy
988. Bad Things,4.6, (351),1h 43m,comedy
989. Ca Fetele,7.7, (12),1h 40m,comedy
990. Oscar Wilde About America,4.3, (46),1h 57m,comedy
991. A Thousand Cuts,8.7, (37),1h,comedy
"992. Nosotros, los De la Fe",5.3, (193),1h 45m,comedy
993. Gaganachari,6.0, (51),1h 54m,comedy
994. Grand Finale,3.1, (123),53m,comedy
995. Pop the Pickel,4.1, (192),50m,comedy
996. Un altro ferragosto,5.6, (77),1h 28m,comedy
997. Perhoset,8.4, (150),1h 35m,comedy
998. Divine Remedy,5.6, (13),1h 34m,comedy
999. Opa Cor,7.5, (30),1h 30m,comedy
1000. Håkan Bråkan 2,7.4, (148),2h 3m,comedy
1001. Blue Boy,7.5, (6),1h 57m,comedy
1002. Dreaming of You,6.2, (36),2h 28m,comedy
1003. Traces of Love,5.2, (138),2h 3m,comedy
1004. Wine Thief,8.7, (46),1h 40m,comedy
1005. Elle & lui & le reste du monde,6.2, (306),1h 58m,comedy
1006. How to Survive a Marriage?,6.7, (851),2h 20m,comedy
1007. Paul and Paulette Take a Bath,7.7, (12),1h 38m,comedy
1008. Fortune Cookies,5.9, (83),1h 49m,comedy
1009. Io e te dobbiamo parlare,6.7, (32),1h 18m,comedy
1010. Jeff Dunham's Scrooged-Up Holiday Special,8.4, (2.1K),2h 1m,comedy
1011. Headwind,8.0, (20),1h 28m,comedy
1012. Harta Tahta Boru Ni Raja,6.5, (107),1h 41m,comedy
1013. TKT,4.2, (284),1h 57m,comedy
1014. Froggie,8.8, (30),1h 21m,comedy
1015. Zbory OSBB,4.4, (51),1h 40m,comedy
1016. Bratya,7.1, (26),2h 9m,comedy
1017. Falla girare 2,5.1, (109),1h 20m,comedy
1018. Un paseo por el Borne,5.9, (1.1K),1h 27m,comedy
1019. Best Man Dead Man,9.3, (67),1h 47m,comedy
1020. A Hipster in Rural Spain,9.4, (327),48m,comedy
1021. All's Fair in Love,7.7, (3K),1h 28m,comedy
1022. Buenas Chicas,5.3, (281),2h 8m,comedy
1023. My Future You,8.9, (351),2h 31m,comedy
1024. Krishnam Pranaya Sakhi,7.8, (457),2h 20m,comedy
1025. We Are Tourists,7.2, (533),1h 24m,comedy
1026. Monster Metaverse,4.6, (241),1h 44m,comedy
1027. Hannah Gadsby's Gender Agenda,4.0, (117),1h 43m,comedy
1028. Vithaikkaran,6.0, (17),1h 20m,comedy
1029. The 3_2 Pulldown,5.1, (78),1h 40m,comedy
1030. Me Contro Te - Il film: Operazione Spie,7.0, (77),1h 25m,comedy
1031. Paranoya,7.2, (1.3K),1h 36m,comedy
1032. I Am Not Big Bird,4.6, (116),1h 54m,comedy
1033. Touched by Eternity,8.7, (10),15m,comedy
1034. De Bellinga's: Pretpark op stelten,7.5, (26),1h 27m,comedy
1035. Raju Yadav,4.3, (66),1h 30m,comedy
1036. Chhakka Panja 5,4.4, (629),1h 43m,comedy
1037. Screams from the Tower,9.2, (2.4K),1h 31m,comedy
1038. 3 Schmucks,6.4, (67),1h 27m,comedy
1039. The Drunken Prodigy,7.5, (26),2h 33m,comedy
1040. Fuuto PI: Portrait of Kamen Rider Skull,5.4, (560),2h 35m,comedy
1041. Kyle Kinane: Dirt Nap,5.3, (307),1h 23m,comedy
1042. Advent,7.9, (19),1h 20m,comedy
1043. The Trophy Bride,6.6, (66),1h 30m,comedy
1044. Cortina Express,5.1, (234),1h 22m,comedy
1045. Oru Bharatha Sarkar Ulppannam,6.3, (60),1h 34m,comedy
1046. Kudi Haryane Val Di,4.1, (159),1h 44m,comedy
1047. Five Friends,8.7, (38),1h 58m,comedy
1048. Suswagatam Khushamadeed,4.7, (66),1h 43m,comedy
1049. Sureshinteyum Sumalathayudeyum Hridayahariyaya Pranayakatha,8.7, (79),1h 23m,comedy
1050. The Dadchelor,9.7, (11),1h 29m,comedy
